memory_capacity,number_of_machines
1.0,795
0.9678,5
0.749,1001
0.5,3
0.4995,6732
0.2498,126
0.2493,3863
0.1241,52
0.06158,1
0.03085,5
