memory_capacity,number_of_machines
1.0,793
0.9678,4
0.749,1001
0.5,3
0.4995,6709
0.2498,123
0.2493,3858
0.1241,54
0.06158,1
0.03085,5
0.0,32
